interaction pair,sender sampling time,sender,sender-label,receiver sampling time,receiver,receiver-label,ligand,target,score,score p-value,score p-value adjusted
0_0,0,0,"MOL(0.72)
 OPC(0.25)",0,0,"MOL(0.72)
 OPC(0.25)",PTN,PTPRZ1,3.3084028976,0.00010999890001099989,0.0009309906900930991
0_0,0,0,"MOL(0.72)
 OPC(0.25)",0,0,"MOL(0.72)
 OPC(0.25)",PTN,PTPRS,2.8648201058,0.007019929800701993,0.014332356676433235
0_0,0,0,"MOL(0.72)
 OPC(0.25)",0,0,"MOL(0.72)
 OPC(0.25)",SERPINE2,LRP1,2.242738521,8.99991000089999e-05,0.0009309906900930991
0_0,0,0,"MOL(0.72)
 OPC(0.25)",0,0,"MOL(0.72)
 OPC(0.25)",PTN,SDC3,1.7852209248,0.00027999720002799973,0.0010126565401012656
0_0,0,0,"MOL(0.72)
 OPC(0.25)",0,0,"MOL(0.72)
 OPC(0.25)",APOE,LRP1,1.583651213,4.999950000499995e-05,0.0009309906900930991
0_0,0,0,"MOL(0.72)
 OPC(0.25)",0,0,"MOL(0.72)
 OPC(0.25)",NLGN2,NRXN1,0.6931680543,0.00013999860001399987,0.0009309906900930991
0_0,0,0,"MOL(0.72)
 OPC(0.25)",0,0,"MOL(0.72)
 OPC(0.25)",AGRN,ATP1A3,0.6685523488,0.00011999880001199988,0.0009309906900930991
0_0,0,0,"MOL(0.72)
 OPC(0.25)",0,0,"MOL(0.72)
 OPC(0.25)",NLGN2,NRXN2,0.5953797966,6.999930000699993e-05,0.0009309906900930991
0_0,0,0,"MOL(0.72)
 OPC(0.25)",0,0,"MOL(0.72)
 OPC(0.25)",NLGN1,NRXN1,0.530302857,0.00018999810001899982,0.0009309906900930991
0_0,0,0,"MOL(0.72)
 OPC(0.25)",0,0,"MOL(0.72)
 OPC(0.25)",MLLT4,NRXN2,0.4837137715,0.0003999960000399996,0.0011529296471741164
0_0,0,0,"MOL(0.72)
 OPC(0.25)",0,0,"MOL(0.72)
 OPC(0.25)",NLGN1,NRXN2,0.4629519342,0.00011999880001199988,0.0009309906900930991
0_0,0,0,"MOL(0.72)
 OPC(0.25)",0,0,"MOL(0.72)
 OPC(0.25)",NCAN,SDC3,0.4131232502,0.00023999760002399976,0.0010126565401012656
0_0,0,0,"MOL(0.72)
 OPC(0.25)",0,0,"MOL(0.72)
 OPC(0.25)",BCAN,NRCAM,0.3845009506,0.0006499935000649994,0.0015866508001586652
0_0,0,0,"MOL(0.72)
 OPC(0.25)",0,0,"MOL(0.72)
 OPC(0.25)",MLLT4,NRXN3,0.3276177833,0.0002899971000289997,0.0010126565401012656
0_0,0,0,"MOL(0.72)
 OPC(0.25)",0,0,"MOL(0.72)
 OPC(0.25)",NLGN2,NRXN3,0.325531093,0.0001799982000179998,0.0009309906900930991
0_0,0,0,"MOL(0.72)
 OPC(0.25)",0,0,"MOL(0.72)
 OPC(0.25)",NLGN1,NRXN3,0.2860546328,0.00015999840001599985,0.0009309906900930991
0_0,0,0,"MOL(0.72)
 OPC(0.25)",0,0,"MOL(0.72)
 OPC(0.25)",NCAN,CDH2,0.2727297146,0.0004599954000459995,0.0012522097001252208
0_0,0,0,"MOL(0.72)
 OPC(0.25)",0,0,"MOL(0.72)
 OPC(0.25)",ADAM17,NOTCH1,0.2426480855,0.0006799932000679993,0.0015866508001586652
0_0,0,0,"MOL(0.72)
 OPC(0.25)",0,0,"MOL(0.72)
 OPC(0.25)",PDGFA,PDGFRA,0.2064910815,0.012139878601213988,0.022879001979210976
0_0,0,0,"MOL(0.72)
 OPC(0.25)",0,0,"MOL(0.72)
 OPC(0.25)",VEGFA,GPC1,0.1378614854,0.025749742502574974,0.045062049379506204
0_0,0,0,"MOL(0.72)
 OPC(0.25)",0,0,"MOL(0.72)
 OPC(0.25)",DSCAM,DCC,0.1334557198,0.00037999620003799963,0.0011529296471741164
0_0,0,0,"MOL(0.72)
 OPC(0.25)",0,0,"MOL(0.72)
 OPC(0.25)",PSEN1,NOTCH1,0.1306715647,0.0003099969000309997,0.0010126565401012656
0_0,0,0,"MOL(0.72)
 OPC(0.25)",0,0,"MOL(0.72)
 OPC(0.25)",RIMS2,ABCA1,0.1147614564,0.0006699933000669994,0.0015866508001586652
0_0,0,0,"MOL(0.72)
 OPC(0.25)",0,0,"MOL(0.72)
 OPC(0.25)",SORBS1,INSR,0.1028908801,0.005079949200507995,0.011314432310222352
0_0,0,0,"MOL(0.72)
 OPC(0.25)",0,0,"MOL(0.72)
 OPC(0.25)",BMP4,BMPR2,0.0688685946,0.02008979910200898,0.036459265036979265
0_0,0,0,"MOL(0.72)
 OPC(0.25)",0,0,"MOL(0.72)
 OPC(0.25)",PLTP,ABCA1,0.0607039772,0.0003099969000309997,0.0010126565401012656
0_0,0,0,"MOL(0.72)
 OPC(0.25)",0,0,"MOL(0.72)
 OPC(0.25)",BMP4,BMPR1A,0.0428788745,0.007469925300746993,0.014641053589464105
0_0,0,0,"MOL(0.72)
 OPC(0.25)",0,0,"MOL(0.72)
 OPC(0.25)",AGRP,SDC3,0.0080976324,0.005689943100568994,0.012122052692516552
0_1,0,0,"MOL(0.72)
 OPC(0.25)",0,1,"NFOL(0.75)
 COP(0.17)",PTN,PTPRS,4.2619803399,5.999940000599994e-05,0.0004899951000489995
0_1,0,0,"MOL(0.72)
 OPC(0.25)",0,1,"NFOL(0.75)
 COP(0.17)",PTN,PTPRZ1,3.4737363828,0.0001799982000179998,0.0008463551728119083
0_1,0,0,"MOL(0.72)
 OPC(0.25)",0,1,"NFOL(0.75)
 COP(0.17)",CNTN2,CNTN1,2.196657472,0.022019779802201978,0.03720583483820334
0_1,0,0,"MOL(0.72)
 OPC(0.25)",0,1,"NFOL(0.75)
 COP(0.17)",SERPINE2,LRP1,2.0783052616,9.99990000099999e-06,0.00039199608003919964
0_1,0,0,"MOL(0.72)
 OPC(0.25)",0,1,"NFOL(0.75)
 COP(0.17)",PTN,SDC3,1.4366470097,0.0011299887001129988,0.0028909710902890974
0_1,0,0,"MOL(0.72)
 OPC(0.25)",0,1,"NFOL(0.75)
 COP(0.17)",APOE,LRP1,1.3687782897,3.999960000399996e-05,0.00039199608003919964
0_1,0,0,"MOL(0.72)
 OPC(0.25)",0,1,"NFOL(0.75)
 COP(0.17)",EFNB3,EPHA4,1.0417491786,0.0035499645003549967,0.007075529244707553
0_1,0,0,"MOL(0.72)
 OPC(0.25)",0,1,"NFOL(0.75)
 COP(0.17)",BCAN,NRCAM,0.9939650212,2.999970000299997e-05,0.00039199608003919964
0_1,0,0,"MOL(0.72)
 OPC(0.25)",0,1,"NFOL(0.75)
 COP(0.17)",CNTN2,NRCAM,0.754503732,0.0005499945000549994,0.0016843581564184359
0_1,0,0,"MOL(0.72)
 OPC(0.25)",0,1,"NFOL(0.75)
 COP(0.17)",NLGN2,NRXN1,0.6852227204,1.999980000199998e-05,0.00039199608003919964
0_1,0,0,"MOL(0.72)
 OPC(0.25)",0,1,"NFOL(0.75)
 COP(0.17)",NLGN1,NRXN1,0.4858955715,9.99990000099999e-05,0.0006999930000699993
0_1,0,0,"MOL(0.72)
 OPC(0.25)",0,1,"NFOL(0.75)
 COP(0.17)",NCAN,CDH2,0.3721816069,0.00013999860001399987,0.0008463551728119083
0_1,0,0,"MOL(0.72)
 OPC(0.25)",0,1,"NFOL(0.75)
 COP(0.17)",NLGN2,NRXN2,0.3633678586,0.00026999730002699973,0.001017682130870999
0_1,0,0,"MOL(0.72)
 OPC(0.25)",0,1,"NFOL(0.75)
 COP(0.17)",AGRN,ATP1A3,0.35783164,0.0008299917000829991,0.002259421850225942
0_1,0,0,"MOL(0.72)
 OPC(0.25)",0,1,"NFOL(0.75)
 COP(0.17)",NCAN,SDC3,0.3553571705,3.999960000399996e-05,0.00039199608003919964
0_1,0,0,"MOL(0.72)
 OPC(0.25)",0,1,"NFOL(0.75)
 COP(0.17)",MLLT4,NRXN2,0.2939711692,0.012089879101208989,0.02194089170219409
0_1,0,0,"MOL(0.72)
 OPC(0.25)",0,1,"NFOL(0.75)
 COP(0.17)",NLGN1,NRXN2,0.2796085871,0.00043999560004399956,0.0014373189601437318
0_1,0,0,"MOL(0.72)
 OPC(0.25)",0,1,"NFOL(0.75)
 COP(0.17)",NLGN2,NRXN3,0.2537367417,0.00022999770002299976,0.0009391572750939157
0_1,0,0,"MOL(0.72)
 OPC(0.25)",0,1,"NFOL(0.75)
 COP(0.17)",MLLT4,NRXN3,0.2236382233,0.0006499935000649994,0.0018735106766579394
0_1,0,0,"MOL(0.72)
 OPC(0.25)",0,1,"NFOL(0.75)
 COP(0.17)",NLGN1,NRXN3,0.1991529683,0.0002999970000299997,0.001049989500104999
0_1,0,0,"MOL(0.72)
 OPC(0.25)",0,1,"NFOL(0.75)
 COP(0.17)",VEGFA,GPC1,0.1873696035,0.0025299747002529975,0.0056349436505634945
0_1,0,0,"MOL(0.72)
 OPC(0.25)",0,1,"NFOL(0.75)
 COP(0.17)",ADAM17,NOTCH1,0.1729227382,0.0034099659003409967,0.007075529244707553
0_1,0,0,"MOL(0.72)
 OPC(0.25)",0,1,"NFOL(0.75)
 COP(0.17)",DSCAM,DCC,0.140048705,0.00018999810001899982,0.0008463551728119083
0_1,0,0,"MOL(0.72)
 OPC(0.25)",0,1,"NFOL(0.75)
 COP(0.17)",BMP4,BMPR2,0.1094458691,0.0016199838001619985,0.0037799622003779967
0_1,0,0,"MOL(0.72)
 OPC(0.25)",0,1,"NFOL(0.75)
 COP(0.17)",SORBS1,INSR,0.1019422898,0.005669943300566994,0.01068566237414549
0_1,0,0,"MOL(0.72)
 OPC(0.25)",0,1,"NFOL(0.75)
 COP(0.17)",EFNA1,EPHA4,0.0975950139,0.028839711602883972,0.04710486228471049
0_1,0,0,"MOL(0.72)
 OPC(0.25)",0,1,"NFOL(0.75)
 COP(0.17)",PSEN1,NOTCH1,0.0908407374,0.0011799882001179989,0.0028909710902890974
0_1,0,0,"MOL(0.72)
 OPC(0.25)",0,1,"NFOL(0.75)
 COP(0.17)",RIMS2,ABCA1,0.0856445426,0.0036099639003609966,0.007075529244707553
0_1,0,0,"MOL(0.72)
 OPC(0.25)",0,1,"NFOL(0.75)
 COP(0.17)",PLTP,ABCA1,0.0479468305,0.0001799982000179998,0.0008463551728119083
0_1,0,0,"MOL(0.72)
 OPC(0.25)",0,1,"NFOL(0.75)
 COP(0.17)",AGRP,SDC3,0.0048026898,0.02149978500214998,0.03720583483820334
0_2,0,0,"MOL(0.72)
 OPC(0.25)",0,2,MOL,APOE,SORL1,0.5663967648,0.0008299917000829991,0.021314786852131482
0_2,0,0,"MOL(0.72)
 OPC(0.25)",0,2,MOL,NLGN2,NRXN2,0.2156770424,0.0031299687003129967,0.03503464965350346
0_2,0,0,"MOL(0.72)
 OPC(0.25)",0,2,MOL,NCAN,CDH2,0.1925929936,0.0008699913000869992,0.021314786852131482
0_2,0,0,"MOL(0.72)
 OPC(0.25)",0,2,MOL,NLGN1,NRXN2,0.1715151864,0.003989960100398996,0.03503464965350346
0_2,0,0,"MOL(0.72)
 OPC(0.25)",0,2,MOL,DSCAM,DCC,0.0579811226,0.0042899571004289955,0.03503464965350346
0_2,0,0,"MOL(0.72)
 OPC(0.25)",0,2,MOL,PLTP,ABCA1,0.01413974,0.003239967600323997,0.03503464965350346
0_3,0,0,"MOL(0.72)
 OPC(0.25)",0,3,MOL,APOE,SORL1,0.921714982,0.00010999890001099989,0.004491621750449162
0_3,0,0,"MOL(0.72)
 OPC(0.25)",0,3,MOL,B2M,TFRC,0.3135393984,0.0005199948000519994,0.004491621750449162
0_3,0,0,"MOL(0.72)
 OPC(0.25)",0,3,MOL,NLGN2,NRXN2,0.2930310488,0.00047999520004799953,0.004491621750449162
0_3,0,0,"MOL(0.72)
 OPC(0.25)",0,3,MOL,MLLT4,NRXN2,0.2918670567,0.011749882501174988,0.041124588754112464
0_3,0,0,"MOL(0.72)
 OPC(0.25)",0,3,MOL,NCAN,CDH2,0.2542911691,0.0003699963000369996,0.004491621750449162
0_3,0,0,"MOL(0.72)
 OPC(0.25)",0,3,MOL,NLGN1,NRXN2,0.2398146117,0.0005499945000549994,0.004491621750449162
0_3,0,0,"MOL(0.72)
 OPC(0.25)",0,3,MOL,VEGFA,GPC1,0.2095040679,0.000949990500094999,0.006649933500664993
0_3,0,0,"MOL(0.72)
 OPC(0.25)",0,3,MOL,SORBS1,INSR,0.1254168776,0.0013199868001319986,0.008084919150808492
0_3,0,0,"MOL(0.72)
 OPC(0.25)",0,3,MOL,NLGN2,NRXN3,0.1052913155,0.0035099649003509964,0.01719882801171988
0_3,0,0,"MOL(0.72)
 OPC(0.25)",0,3,MOL,DSCAM,DCC,0.1022262594,0.00042999570004299955,0.004491621750449162
0_3,0,0,"MOL(0.72)
 OPC(0.25)",0,3,MOL,NLGN1,NRXN3,0.0858460133,0.0034999650003499964,0.01719882801171988
0_3,0,0,"MOL(0.72)
 OPC(0.25)",0,3,MOL,BMP4,BMPR2,0.0793922147,0.008459915400845992,0.0376850776946776
0_3,0,0,"MOL(0.72)
 OPC(0.25)",0,3,MOL,PSEN1,NCSTN,0.0747339458,0.013969860301396986,0.045634876984563484
0_3,0,0,"MOL(0.72)
 OPC(0.25)",0,3,MOL,BMP4,BMPR1A,0.0395404686,0.011399886001139989,0.041124588754112464
0_3,0,0,"MOL(0.72)
 OPC(0.25)",0,3,MOL,PLTP,ABCA1,0.0099988353,0.010929890701092989,0.041124588754112464
1_0,0,1,"NFOL(0.75)
 COP(0.17)",0,0,"MOL(0.72)
 OPC(0.25)",COL9A3,MAG,4.555633953,1.999980000199998e-05,0.0002672700545721816
1_0,0,1,"NFOL(0.75)
 COP(0.17)",0,0,"MOL(0.72)
 OPC(0.25)",SERPINE2,LRP1,2.0414920153,9.99990000099999e-06,0.0002672700545721816
1_0,0,1,"NFOL(0.75)
 COP(0.17)",0,0,"MOL(0.72)
 OPC(0.25)",PTN,PTPRZ1,1.7552763787,0.024309756902430976,0.04107510649031441
1_0,0,1,"NFOL(0.75)
 COP(0.17)",0,0,"MOL(0.72)
 OPC(0.25)",NLGN2,NRXN1,0.9754552699,2.999970000299997e-05,0.0002672700545721816
1_0,0,1,"NFOL(0.75)
 COP(0.17)",0,0,"MOL(0.72)
 OPC(0.25)",BCAN,NRCAM,0.8894482084,3.999960000399996e-05,0.0002672700545721816
1_0,0,1,"NFOL(0.75)
 COP(0.17)",0,0,"MOL(0.72)
 OPC(0.25)",APOE,LRP1,0.8483963688,7.999920000799993e-05,0.0003149968500314997
1_0,0,1,"NFOL(0.75)
 COP(0.17)",0,0,"MOL(0.72)
 OPC(0.25)",NLGN2,NRXN2,0.8191118136,3.999960000399996e-05,0.0002672700545721816
1_0,0,1,"NFOL(0.75)
 COP(0.17)",0,0,"MOL(0.72)
 OPC(0.25)",AGRN,ATP1A3,0.7715434388,2.999970000299997e-05,0.0002672700545721816
1_0,0,1,"NFOL(0.75)
 COP(0.17)",0,0,"MOL(0.72)
 OPC(0.25)",NLGN1,NRXN1,0.6418434393,4.999950000499995e-05,0.0002672700545721816
1_0,0,1,"NFOL(0.75)
 COP(0.17)",0,0,"MOL(0.72)
 OPC(0.25)",PLAT,LRP1,0.6302041948,0.011639883601163989,0.021124233202112427
1_0,0,1,"NFOL(0.75)
 COP(0.17)",0,0,"MOL(0.72)
 OPC(0.25)",NLGN1,NRXN2,0.5481988614,5.999940000599994e-05,0.0002672700545721816
1_0,0,1,"NFOL(0.75)
 COP(0.17)",0,0,"MOL(0.72)
 OPC(0.25)",NLGN2,NRXN3,0.485479568,4.999950000499995e-05,0.0002672700545721816
1_0,0,1,"NFOL(0.75)
 COP(0.17)",0,0,"MOL(0.72)
 OPC(0.25)",BMP4,BMPR2,0.4068528895,5.999940000599994e-05,0.0002672700545721816
1_0,0,1,"NFOL(0.75)
 COP(0.17)",0,0,"MOL(0.72)
 OPC(0.25)",PDGFA,PDGFRA,0.3776848178,0.0006099939000609993,0.0015731421633152088
1_0,0,1,"NFOL(0.75)
 COP(0.17)",0,0,"MOL(0.72)
 OPC(0.25)",NLGN1,NRXN3,0.305215686,9.99990000099999e-05,0.0003266634000326663
1_0,0,1,"NFOL(0.75)
 COP(0.17)",0,0,"MOL(0.72)
 OPC(0.25)",ADAM17,NOTCH1,0.2898109865,0.0003199968000319997,0.0009799902000979992
1_0,0,1,"NFOL(0.75)
 COP(0.17)",0,0,"MOL(0.72)
 OPC(0.25)",NCAN,SDC3,0.2864565004,8.99991000089999e-05,0.0003149968500314997
1_0,0,1,"NFOL(0.75)
 COP(0.17)",0,0,"MOL(0.72)
 OPC(0.25)",MLLT4,NRXN2,0.275741538,0.02172978270217298,0.03802711972880272
1_0,0,1,"NFOL(0.75)
 COP(0.17)",0,0,"MOL(0.72)
 OPC(0.25)",BMP4,BMPR1A,0.267874106,5.999940000599994e-05,0.0002672700545721816
1_0,0,1,"NFOL(0.75)
 COP(0.17)",0,0,"MOL(0.72)
 OPC(0.25)",DSCAM,DCC,0.1832911361,8.99991000089999e-05,0.0003149968500314997
1_0,0,1,"NFOL(0.75)
 COP(0.17)",0,0,"MOL(0.72)
 OPC(0.25)",NCAN,CDH2,0.1796129032,0.0014299857001429986,0.0033366333003336636
1_0,0,1,"NFOL(0.75)
 COP(0.17)",0,0,"MOL(0.72)
 OPC(0.25)",VEGFA,GPC1,0.1706645856,0.006079939200607994,0.012413209201241322
1_0,0,1,"NFOL(0.75)
 COP(0.17)",0,0,"MOL(0.72)
 OPC(0.25)",MLLT4,NRXN3,0.1548429027,0.007029929700702993,0.013778662213377866
1_0,0,1,"NFOL(0.75)
 COP(0.17)",0,0,"MOL(0.72)
 OPC(0.25)",RIMS2,ABCA1,0.1521914539,0.0004599954000459995,0.0012522097001252208
1_0,0,1,"NFOL(0.75)
 COP(0.17)",0,0,"MOL(0.72)
 OPC(0.25)",SORBS1,INSR,0.1164677369,0.0026499735002649973,0.005645595717955864
1_0,0,1,"NFOL(0.75)
 COP(0.17)",0,0,"MOL(0.72)
 OPC(0.25)",PSEN1,NOTCH1,0.0642078207,0.01024989750102499,0.01931711452116248
1_0,0,1,"NFOL(0.75)
 COP(0.17)",0,0,"MOL(0.72)
 OPC(0.25)",AGRP,SDC3,0.0264364677,0.00044999550004499957,0.0012522097001252208
1_0,0,1,"NFOL(0.75)
 COP(0.17)",0,0,"MOL(0.72)
 OPC(0.25)",PLTP,ABCA1,0.0247154306,0.0008299917000829991,0.002033479665203348
1_0,0,1,"NFOL(0.75)
 COP(0.17)",0,0,"MOL(0.72)
 OPC(0.25)",C1QA,CSPG4,0.0235705913,0.0017299827001729983,0.003853143286748951
1_1,0,1,"NFOL(0.75)
 COP(0.17)",0,1,"NFOL(0.75)
 COP(0.17)",COL9A3,MAG,4.0009822535,7.999920000799993e-05,0.0010888780001088877
1_1,0,1,"NFOL(0.75)
 COP(0.17)",0,1,"NFOL(0.75)
 COP(0.17)",BCAN,NRCAM,2.1198241665,1.999980000199998e-05,0.0009799902000979992
1_1,0,1,"NFOL(0.75)
 COP(0.17)",0,1,"NFOL(0.75)
 COP(0.17)",PTN,PTPRZ1,2.0576662072,0.005669943300566994,0.011576134238657613
1_1,0,1,"NFOL(0.75)
 COP(0.17)",0,1,"NFOL(0.75)
 COP(0.17)",SERPINE2,LRP1,2.0110951178,0.0001799982000179998,0.0010888780001088877
1_1,0,1,"NFOL(0.75)
 COP(0.17)",0,1,"NFOL(0.75)
 COP(0.17)",PTN,SDC3,1.0592853025,0.014529854701452986,0.02847851521484785
1_1,0,1,"NFOL(0.75)
 COP(0.17)",0,1,"NFOL(0.75)
 COP(0.17)",NLGN2,NRXN1,0.9428582325,0.00013999860001399987,0.0010888780001088877
1_1,0,1,"NFOL(0.75)
 COP(0.17)",0,1,"NFOL(0.75)
 COP(0.17)",APOE,LRP1,0.9117771887,0.00027999720002799973,0.0013363502728609077
1_1,0,1,"NFOL(0.75)
 COP(0.17)",0,1,"NFOL(0.75)
 COP(0.17)",NLGN1,NRXN1,0.6348220828,0.0001999980000199998,0.0010888780001088877
1_1,0,1,"NFOL(0.75)
 COP(0.17)",0,1,"NFOL(0.75)
 COP(0.17)",BMP4,BMPR2,0.6163093272,3.999960000399996e-05,0.0009799902000979992
1_1,0,1,"NFOL(0.75)
 COP(0.17)",0,1,"NFOL(0.75)
 COP(0.17)",NLGN2,NRXN2,0.5166641634,0.0001999980000199998,0.0010888780001088877
1_1,0,1,"NFOL(0.75)
 COP(0.17)",0,1,"NFOL(0.75)
 COP(0.17)",AGRN,ATP1A3,0.4149718319,0.0005999940000599994,0.0016333170001633316
1_1,0,1,"NFOL(0.75)
 COP(0.17)",0,1,"NFOL(0.75)
 COP(0.17)",NCAN,SDC3,0.4139302791,0.0002999970000299997,0.0013363502728609077
1_1,0,1,"NFOL(0.75)
 COP(0.17)",0,1,"NFOL(0.75)
 COP(0.17)",NLGN2,NRXN3,0.3609250302,0.00011999880001199988,0.0010888780001088877
1_1,0,1,"NFOL(0.75)
 COP(0.17)",0,1,"NFOL(0.75)
 COP(0.17)",NLGN1,NRXN2,0.3378127188,0.00047999520004799953,0.0014699853001469987
1_1,0,1,"NFOL(0.75)
 COP(0.17)",0,1,"NFOL(0.75)
 COP(0.17)",NCAN,CDH2,0.3050270272,0.00037999620003799963,0.0014699853001469987
1_1,0,1,"NFOL(0.75)
 COP(0.17)",0,1,"NFOL(0.75)
 COP(0.17)",VEGFA,GPC1,0.2929166659,0.0005199948000519994,0.0014988085413263513
1_1,0,1,"NFOL(0.75)
 COP(0.17)",0,1,"NFOL(0.75)
 COP(0.17)",NLGN1,NRXN3,0.2360768551,0.00043999560004399956,0.0014699853001469987
1_1,0,1,"NFOL(0.75)
 COP(0.17)",0,1,"NFOL(0.75)
 COP(0.17)",ADAM17,NOTCH1,0.2241153149,0.0009099909000909991,0.0021233121002123315
1_1,0,1,"NFOL(0.75)
 COP(0.17)",0,1,"NFOL(0.75)
 COP(0.17)",BMP4,BMPR1A,0.2065233167,0.00012999870001299986,0.0010888780001088877
1_1,0,1,"NFOL(0.75)
 COP(0.17)",0,1,"NFOL(0.75)
 COP(0.17)",DSCAM,DCC,0.1622526257,0.0004699953000469995,0.0014699853001469987
1_1,0,1,"NFOL(0.75)
 COP(0.17)",0,1,"NFOL(0.75)
 COP(0.17)",SORBS1,INSR,0.142510641,0.0012699873001269988,0.002828608077555588
1_1,0,1,"NFOL(0.75)
 COP(0.17)",0,1,"NFOL(0.75)
 COP(0.17)",RIMS2,ABCA1,0.1190983342,0.0008599914000859991,0.0021233121002123315
1_1,0,1,"NFOL(0.75)
 COP(0.17)",0,1,"NFOL(0.75)
 COP(0.17)",PLTP,ABCA1,0.0464392435,0.00047999520004799953,0.0014699853001469987
1_1,0,1,"NFOL(0.75)
 COP(0.17)",0,1,"NFOL(0.75)
 COP(0.17)",C1QA,CSPG4,0.0224408981,0.0024999750002499977,0.005326033696184777
1_1,0,1,"NFOL(0.75)
 COP(0.17)",0,1,"NFOL(0.75)
 COP(0.17)",AGRP,SDC3,0.0193109704,0.0008899911000889991,0.0021233121002123315
1_2,0,1,"NFOL(0.75)
 COP(0.17)",0,2,MOL,COL9A3,MAG,7.2819520868,9.99990000099999e-06,0.0004899951000489996
1_2,0,1,"NFOL(0.75)
 COP(0.17)",0,2,MOL,SEMA4D,PLXNB1,0.4287938759,0.0021999780002199976,0.015399846001539983
1_2,0,1,"NFOL(0.75)
 COP(0.17)",0,2,MOL,BMP4,BMPR2,0.3978991124,6.999930000699993e-05,0.0013066536001306655
1_2,0,1,"NFOL(0.75)
 COP(0.17)",0,2,MOL,NLGN2,NRXN2,0.3131481697,0.00047999520004799953,0.005879941200587995
1_2,0,1,"NFOL(0.75)
 COP(0.17)",0,2,MOL,BMP4,BMPR1A,0.2273826533,7.999920000799993e-05,0.0013066536001306655
1_2,0,1,"NFOL(0.75)
 COP(0.17)",0,2,MOL,LAMC1,ITGB4,0.218862885,0.0066899331006689934,0.036422969103642296
1_2,0,1,"NFOL(0.75)
 COP(0.17)",0,2,MOL,NLGN1,NRXN2,0.2005088958,0.001959980400195998,0.015399846001539983
1_2,0,1,"NFOL(0.75)
 COP(0.17)",0,2,MOL,NCAN,CDH2,0.1402271002,0.0052699473005269944,0.032278427215727844
1_2,0,1,"NFOL(0.75)
 COP(0.17)",0,2,MOL,DSCAM,DCC,0.0803661109,0.0011099889001109989,0.01087789122108779
1_2,0,1,"NFOL(0.75)
 COP(0.17)",0,2,MOL,RIMS2,ABCA1,0.0705100337,0.00952990470095299,0.04303047878612123
1_2,0,1,"NFOL(0.75)
 COP(0.17)",0,2,MOL,PF4,FGFR2,0.0383536869,0.00965990340096599,0.04303047878612123
1_3,0,1,"NFOL(0.75)
 COP(0.17)",0,3,MOL,COL9A3,MAG,8.3132822709,9.99990000099999e-06,0.0004899951000489996
1_3,0,1,"NFOL(0.75)
 COP(0.17)",0,3,MOL,SEMA4D,PLXNB1,0.7230366318,6.999930000699993e-05,0.0008574914250857493
1_3,0,1,"NFOL(0.75)
 COP(0.17)",0,3,MOL,BMP4,BMPR2,0.6254977982,3.999960000399996e-05,0.0006533268000653327
1_3,0,1,"NFOL(0.75)
 COP(0.17)",0,3,MOL,APOE,SORL1,0.48938189,0.0027999720002799973,0.008070507530218816
1_3,0,1,"NFOL(0.75)
 COP(0.17)",0,3,MOL,NLGN2,NRXN2,0.4337686999,0.0001799982000179998,0.0017639823601763981
1_3,0,1,"NFOL(0.75)
 COP(0.17)",0,3,MOL,LAMC1,ITGB4,0.3800805718,0.00033999660003399966,0.002082479175208248
1_3,0,1,"NFOL(0.75)
 COP(0.17)",0,3,MOL,BMP4,BMPR1A,0.2919690305,1.999980000199998e-05,0.0004899951000489996
1_3,0,1,"NFOL(0.75)
 COP(0.17)",0,3,MOL,NLGN1,NRXN2,0.2739104169,0.00033999660003399966,0.002082479175208248
1_3,0,1,"NFOL(0.75)
 COP(0.17)",0,3,MOL,B2M,TFRC,0.2527654101,0.0017099829001709984,0.006089939100608994
1_3,0,1,"NFOL(0.75)
 COP(0.17)",0,3,MOL,BCAN,NRCAM,0.2522550007,0.001119988800111999,0.004940783925494079
1_3,0,1,"NFOL(0.75)
 COP(0.17)",0,3,MOL,VEGFA,GPC1,0.2454920609,0.0004899951000489995,0.002667751100266775
1_3,0,1,"NFOL(0.75)
 COP(0.17)",0,3,MOL,NLGN2,NRXN1,0.1994195666,0.002099979000209998,0.006553684463155369
1_3,0,1,"NFOL(0.75)
 COP(0.17)",0,3,MOL,NCAN,CDH2,0.1663373824,0.0017399826001739983,0.006089939100608994
1_3,0,1,"NFOL(0.75)
 COP(0.17)",0,3,MOL,NLGN2,NRXN3,0.1561000167,0.0006499935000649994,0.0031849681503184966
1_3,0,1,"NFOL(0.75)
 COP(0.17)",0,3,MOL,DSCAM,DCC,0.1444527447,0.00022999770002299976,0.0018783145501878313
1_3,0,1,"NFOL(0.75)
 COP(0.17)",0,3,MOL,SORBS1,INSR,0.1352123474,0.0012099879001209988,0.004940783925494079
1_3,0,1,"NFOL(0.75)
 COP(0.17)",0,3,MOL,NLGN1,NRXN1,0.1257187224,0.016899831001689982,0.0415760842391576
1_3,0,1,"NFOL(0.75)
 COP(0.17)",0,3,MOL,NLGN1,NRXN3,0.0974239844,0.0021399786002139977,0.006553684463155369
1_3,0,1,"NFOL(0.75)
 COP(0.17)",0,3,MOL,PF4,FGFR2,0.0474841133,0.0047299527004729955,0.012875982351287599
1_3,0,1,"NFOL(0.75)
 COP(0.17)",0,3,MOL,AGRP,SDC3,0.0060300589,0.01696983030169698,0.0415760842391576
2_0,0,2,MOL,0,0,"MOL(0.72)
 OPC(0.25)",PTN,PTPRZ1,4.5568985235,1.999980000199998e-05,0.0004899951000489995
2_0,0,2,MOL,0,0,"MOL(0.72)
 OPC(0.25)",PTN,PTPRS,3.9195897645,3.999960000399996e-05,0.0004899951000489995
2_0,0,2,MOL,0,0,"MOL(0.72)
 OPC(0.25)",CNTN2,CNTN1,3.6347337224,4.999950000499995e-05,0.0004899951000489995
2_0,0,2,MOL,0,0,"MOL(0.72)
 OPC(0.25)",PTN,SDC3,2.448516216,3.999960000399996e-05,0.0004899951000489995
2_0,0,2,MOL,0,0,"MOL(0.72)
 OPC(0.25)",PLAT,LRP1,1.2672925931,5.999940000599994e-05,0.0004899951000489995
2_0,0,2,MOL,0,0,"MOL(0.72)
 OPC(0.25)",APOE,LRP1,0.9508011221,5.999940000599994e-05,0.0004899951000489995
2_0,0,2,MOL,0,0,"MOL(0.72)
 OPC(0.25)",EFNB3,EPHA4,0.9217744397,0.011339886601133988,0.03472840271597284
2_0,0,2,MOL,0,0,"MOL(0.72)
 OPC(0.25)",CNTN2,NRCAM,0.9113454163,0.00014999850001499985,0.001049989500104999
2_0,0,2,MOL,0,0,"MOL(0.72)
 OPC(0.25)",PDGFA,PDGFRA,0.5114367946,0.00022999770002299976,0.0012522097001252208
2_0,0,2,MOL,0,0,"MOL(0.72)
 OPC(0.25)",AGRN,ATP1A3,0.5100631113,0.00018999810001899982,0.0011637383626163739
2_0,0,2,MOL,0,0,"MOL(0.72)
 OPC(0.25)",MLLT4,NRXN2,0.3728189242,0.000999990000099999,0.0037691930772999964
2_0,0,2,MOL,0,0,"MOL(0.72)
 OPC(0.25)",ADAM17,NOTCH1,0.2603516908,0.00042999570004299955,0.002049070418386725
2_0,0,2,MOL,0,0,"MOL(0.72)
 OPC(0.25)",MLLT4,NRXN3,0.2395694645,0.0005099949000509995,0.002082479175208248
2_0,0,2,MOL,0,0,"MOL(0.72)
 OPC(0.25)",NLGN1,NRXN1,0.1417574371,0.006289937100628994,0.022014779852201478
2_0,0,2,MOL,0,0,"MOL(0.72)
 OPC(0.25)",PSEN1,NOTCH1,0.1286513956,0.0004599954000459995,0.002049070418386725
2_0,0,2,MOL,0,0,"MOL(0.72)
 OPC(0.25)",NLGN1,NRXN3,0.078017383,0.007869921300786993,0.025708409582570844
2_1,0,2,MOL,0,1,"NFOL(0.75)
 COP(0.17)",PTN,PTPRS,5.8247325294,1.999980000199998e-05,0.0003266634000326664
2_1,0,2,MOL,0,1,"NFOL(0.75)
 COP(0.17)",PTN,PTPRZ1,4.8497342635,3.999960000399996e-05,0.0004899951000489996
2_1,0,2,MOL,0,1,"NFOL(0.75)
 COP(0.17)",CNTN2,CNTN1,4.8083754236,9.99990000099999e-06,0.0002449975500244998
2_1,0,2,MOL,0,1,"NFOL(0.75)
 COP(0.17)",CNTN2,NRCAM,2.2256300911,9.99990000099999e-06,0.0002449975500244998
2_1,0,2,MOL,0,1,"NFOL(0.75)
 COP(0.17)",PTN,SDC3,2.0660514456,0.0002099979000209998,0.0014699853001469987
2_1,0,2,MOL,0,1,"NFOL(0.75)
 COP(0.17)",EFNB3,EPHA4,1.8407454063,6.999930000699993e-05,0.0006859931400685994
2_1,0,2,MOL,0,1,"NFOL(0.75)
 COP(0.17)",PLAT,LRP1,1.0697151286,0.0003599964000359996,0.0022049779502204977
2_1,0,2,MOL,0,1,"NFOL(0.75)
 COP(0.17)",APOE,LRP1,0.7991179609,0.00013999860001399987,0.0011433219001143323
2_1,0,2,MOL,0,1,"NFOL(0.75)
 COP(0.17)",AGRN,ATP1A3,0.265209408,0.005049949500504995,0.01903442504036498
2_1,0,2,MOL,0,1,"NFOL(0.75)
 COP(0.17)",PDGFA,PDGFRA,0.2359298659,0.006909930900690993,0.022572440942257244
2_1,0,2,MOL,0,1,"NFOL(0.75)
 COP(0.17)",EFNA1,EPHA4,0.2115917839,0.0004099959000409996,0.00223219990022322
2_1,0,2,MOL,0,1,"NFOL(0.75)
 COP(0.17)",ADAM17,NOTCH1,0.2007693952,0.0013499865001349986,0.006191756264255539
2_1,0,2,MOL,0,1,"NFOL(0.75)
 COP(0.17)",WNT3,RYK,0.1986500323,0.006329936700632994,0.02215477845221548
2_1,0,2,MOL,0,1,"NFOL(0.75)
 COP(0.17)",WNT3,LRP6,0.1866964652,0.012789872101278988,0.03686492546839237
2_1,0,2,MOL,0,1,"NFOL(0.75)
 COP(0.17)",MLLT4,NRXN3,0.1761074981,0.0023899761002389975,0.009759069075975907
2_1,0,2,MOL,0,1,"NFOL(0.75)
 COP(0.17)",NLGN1,NRXN1,0.1297673786,0.012759872401275987,0.03686492546839237
2_1,0,2,MOL,0,1,"NFOL(0.75)
 COP(0.17)",PSEN1,NOTCH1,0.0877441107,0.0013899861001389986,0.006191756264255539
2_3,0,2,MOL,0,3,MOL,PTN,CDH10,1.1446146004,0.0013699863001369987,0.009589904100958991
2_3,0,2,MOL,0,3,MOL,EFNB3,EPHA4,0.9523852631,0.0067099329006709936,0.03653185690365319
2_3,0,2,MOL,0,3,MOL,FGF1,FGFR2,0.8056355076,0.00047999520004799953,0.006124938750612495
2_3,0,2,MOL,0,3,MOL,APOE,SORL1,0.7069406088,0.00024999750002499977,0.006124938750612495
2_3,0,2,MOL,0,3,MOL,SEMA4D,PLXNB1,0.3737173124,0.00879991200087999,0.043119568804311954
2_3,0,2,MOL,0,3,MOL,FGF1,FGFRL1,0.2687462364,0.00033999660003399966,0.006124938750612495
2_3,0,2,MOL,0,3,MOL,LAMC1,ITGB4,0.2418188803,0.001809981900180998,0.011086139138608614
2_3,0,2,MOL,0,3,MOL,WNT3,LRP6,0.2345893569,0.0012199878001219987,0.009589904100958991
2_3,0,2,MOL,0,3,MOL,WNT3,RYK,0.2334718638,0.0009099909000909991,0.008917910820891791
2_3,0,2,MOL,0,3,MOL,LAMA2,ITGB4,0.2205597409,0.0004999950000499995,0.006124938750612495
2_3,0,2,MOL,0,3,MOL,TGFA,ERBB3,0.1166001084,0.01052989470105299,0.04690589457741786
3_0,0,3,MOL,0,0,"MOL(0.72)
 OPC(0.25)",PTN,PTPRZ1,5.5100148774,9.99990000099999e-06,0.00024499755002449974
3_0,0,3,MOL,0,0,"MOL(0.72)
 OPC(0.25)",PTN,PTPRS,4.8476083982,1.999980000199998e-05,0.00024499755002449974
3_0,0,3,MOL,0,0,"MOL(0.72)
 OPC(0.25)",CNTN2,CNTN1,3.7527475879,2.999970000299997e-05,0.00024499755002449974
3_0,0,3,MOL,0,0,"MOL(0.72)
 OPC(0.25)",PTN,SDC3,2.9948832812,2.999970000299997e-05,0.00024499755002449974
3_0,0,3,MOL,0,0,"MOL(0.72)
 OPC(0.25)",PLAT,LRP1,2.2762695193,1.999980000199998e-05,0.00024499755002449974
3_0,0,3,MOL,0,0,"MOL(0.72)
 OPC(0.25)",PTN,CDH10,1.0435870651,0.007569924300756993,0.015455262114045527
3_0,0,3,MOL,0,0,"MOL(0.72)
 OPC(0.25)",EFNB3,EPHA4,1.0283621119,0.0025699743002569973,0.005475162639677951
3_0,0,3,MOL,0,0,"MOL(0.72)
 OPC(0.25)",CNTN2,NRCAM,0.9449270638,8.99991000089999e-05,0.0004009050818582723
3_0,0,3,MOL,0,0,"MOL(0.72)
 OPC(0.25)",AGRN,ATP1A3,0.7645714684,1.999980000199998e-05,0.00024499755002449974
3_0,0,3,MOL,0,0,"MOL(0.72)
 OPC(0.25)",MLLT4,NRXN2,0.6844009207,4.999950000499995e-05,0.00030624693753062473
3_0,0,3,MOL,0,0,"MOL(0.72)
 OPC(0.25)",PDGFA,PDGFRA,0.6517660333,6.999930000699993e-05,0.0003811073000381107
3_0,0,3,MOL,0,0,"MOL(0.72)
 OPC(0.25)",APOE,LRP1,0.5361837633,0.00022999770002299976,0.0008049919500804992
3_0,0,3,MOL,0,0,"MOL(0.72)
 OPC(0.25)",MLLT4,NRXN3,0.4699282738,4.999950000499995e-05,0.00030624693753062473
3_0,0,3,MOL,0,0,"MOL(0.72)
 OPC(0.25)",ADAM17,NOTCH1,0.4186873926,7.999920000799993e-05,0.00039199608003919964
3_0,0,3,MOL,0,0,"MOL(0.72)
 OPC(0.25)",NID1,PTPRF,0.2404349209,0.00018999810001899982,0.0007538386154599992
3_0,0,3,MOL,0,0,"MOL(0.72)
 OPC(0.25)",WNT3,LRP6,0.2179165977,0.0021499785002149978,0.0047885884777515856
3_0,0,3,MOL,0,0,"MOL(0.72)
 OPC(0.25)",NLGN2,NRXN1,0.2124957349,0.0011399886001139988,0.002792972070279297
3_0,0,3,MOL,0,0,"MOL(0.72)
 OPC(0.25)",PSEN1,NOTCH1,0.1947384269,0.0001999980000199998,0.0007538386154599992
3_0,0,3,MOL,0,0,"MOL(0.72)
 OPC(0.25)",NLGN2,NRXN2,0.1825559833,0.012409875901240987,0.022521626635585497
3_0,0,3,MOL,0,0,"MOL(0.72)
 OPC(0.25)",NLGN1,NRXN1,0.1808745267,0.000969990300096999,0.002792972070279297
3_0,0,3,MOL,0,0,"MOL(0.72)
 OPC(0.25)",NLGN1,NRXN2,0.1552915619,0.008299917000829991,0.01626783732162678
3_0,0,3,MOL,0,0,"MOL(0.72)
 OPC(0.25)",FGF1,FGFRL1,0.1445556609,0.012129878701212987,0.022521626635585497
3_0,0,3,MOL,0,0,"MOL(0.72)
 OPC(0.25)",EFNA1,EPHA4,0.1442328874,0.0016699833001669983,0.003896627700389663
3_0,0,3,MOL,0,0,"MOL(0.72)
 OPC(0.25)",NLGN2,NRXN3,0.1254374698,0.001119988800111999,0.002792972070279297
3_0,0,3,MOL,0,0,"MOL(0.72)
 OPC(0.25)",NLGN1,NRXN3,0.1140410168,0.0006599934000659993,0.0021559784402155977
3_0,0,3,MOL,0,0,"MOL(0.72)
 OPC(0.25)",SORBS1,INSR,0.0775351351,0.02989970100298997,0.04883617830488362
3_0,0,3,MOL,0,0,"MOL(0.72)
 OPC(0.25)",PSEN1,NCSTN,0.0703042778,0.021929780702192977,0.03837711622883771
3_0,0,3,MOL,0,0,"MOL(0.72)
 OPC(0.25)",NCAN,SDC3,0.0443051524,0.023639763602363976,0.03994304884537361
3_0,0,3,MOL,0,0,"MOL(0.72)
 OPC(0.25)",C1QA,CSPG4,0.0255715493,0.0007999920000799992,0.002449975500244998
3_0,0,3,MOL,0,0,"MOL(0.72)
 OPC(0.25)",PLTP,ABCA1,0.0188764605,0.001119988800111999,0.002792972070279297
3_1,0,3,MOL,0,1,"NFOL(0.75)
 COP(0.17)",PTN,PTPRS,7.2871640521,9.99990000099999e-06,0.0001633317000163332
3_1,0,3,MOL,0,1,"NFOL(0.75)
 COP(0.17)",PTN,PTPRZ1,5.9293478647,1.999980000199998e-05,0.00019599804001959982
3_1,0,3,MOL,0,1,"NFOL(0.75)
 COP(0.17)",CNTN2,CNTN1,5.1732701542,9.99990000099999e-06,0.0001633317000163332
3_1,0,3,MOL,0,1,"NFOL(0.75)
 COP(0.17)",PTN,SDC3,2.4912568688,0.00010999890001099989,0.0007349926500734993
3_1,0,3,MOL,0,1,"NFOL(0.75)
 COP(0.17)",CNTN2,NRCAM,2.304475851,9.99990000099999e-06,0.0001633317000163332
3_1,0,3,MOL,0,1,"NFOL(0.75)
 COP(0.17)",EFNB3,EPHA4,2.0791240267,2.999970000299997e-05,0.00024499755002449974
3_1,0,3,MOL,0,1,"NFOL(0.75)
 COP(0.17)",PLAT,LRP1,1.9081517054,1.999980000199998e-05,0.00019599804001959982
3_1,0,3,MOL,0,1,"NFOL(0.75)
 COP(0.17)",PTN,CDH10,1.018100884,0.012129878701212987,0.024765169014976517
3_1,0,3,MOL,0,1,"NFOL(0.75)
 COP(0.17)",APOE,LRP1,0.4573378428,0.0007299927000729993,0.0025549744502554976
3_1,0,3,MOL,0,1,"NFOL(0.75)
 COP(0.17)",MLLT4,NRXN2,0.428425398,0.0003599964000359996,0.0014699853001469984
3_1,0,3,MOL,0,1,"NFOL(0.75)
 COP(0.17)",AGRN,ATP1A3,0.3899511815,0.0004699953000469995,0.001771520746330998
3_1,0,3,MOL,0,1,"NFOL(0.75)
 COP(0.17)",MLLT4,NRXN3,0.334963745,0.00011999880001199988,0.0007349926500734993
3_1,0,3,MOL,0,1,"NFOL(0.75)
 COP(0.17)",ADAM17,NOTCH1,0.3142546014,0.00027999720002799973,0.0013719862801371988
3_1,0,3,MOL,0,1,"NFOL(0.75)
 COP(0.17)",PDGFA,PDGFRA,0.3002510178,0.0017099829001709984,0.005159360171104172
3_1,0,3,MOL,0,1,"NFOL(0.75)
 COP(0.17)",EFNA1,EPHA4,0.2921740894,0.00015999840001599985,0.0008711024000871103
3_1,0,3,MOL,0,1,"NFOL(0.75)
 COP(0.17)",WNT3,RYK,0.2472901751,0.0008399916000839992,0.0027439725602743975
3_1,0,3,MOL,0,1,"NFOL(0.75)
 COP(0.17)",WNT3,LRP6,0.2309740538,0.0017899821001789982,0.005159360171104172
3_1,0,3,MOL,0,1,"NFOL(0.75)
 COP(0.17)",NLGN2,NRXN1,0.1922530977,0.002119978800211998,0.005771053400577105
3_1,0,3,MOL,0,1,"NFOL(0.75)
 COP(0.17)",NLGN1,NRXN1,0.1577631094,0.0025299747002529975,0.005903274300590328
3_1,0,3,MOL,0,1,"NFOL(0.75)
 COP(0.17)",PSEN1,NOTCH1,0.1297082011,0.0003199968000319997,0.001425440291051635
3_1,0,3,MOL,0,1,"NFOL(0.75)
 COP(0.17)",NID1,PTPRF,0.1265144602,0.0025199748002519974,0.005903274300590328
3_1,0,3,MOL,0,1,"NFOL(0.75)
 COP(0.17)",NLGN2,NRXN3,0.0864590607,0.015819841801581982,0.031006889931100685
3_1,0,3,MOL,0,1,"NFOL(0.75)
 COP(0.17)",NLGN1,NRXN3,0.0793313397,0.007239927600723992,0.015424193584151114
3_1,0,3,MOL,0,1,"NFOL(0.75)
 COP(0.17)",PLTP,ABCA1,0.0149619521,0.0024199758002419977,0.005903274300590328
3_1,0,3,MOL,0,1,"NFOL(0.75)
 COP(0.17)",C1QA,CSPG4,0.0141016202,0.0058499415005849945,0.013029415160393852
3_2,0,3,MOL,0,2,MOL,PTN,CDH10,1.0706579775,0.006249937500624993,0.033858661413385865
3_2,0,3,MOL,0,2,MOL,FGF1,FGFR2,1.0608039849,0.00010999890001099989,0.005389946100538995
3_2,0,3,MOL,0,2,MOL,MLLT4,NRXN2,0.30647428,0.0062699373006269935,0.033858661413385865
3_2,0,3,MOL,0,2,MOL,LAMC1,ITGB4,0.2522721243,0.001089989100108999,0.009309906900930991
3_2,0,3,MOL,0,2,MOL,LAMA2,ITGB4,0.2068158676,0.0005699943000569994,0.009309906900930991
3_2,0,3,MOL,0,2,MOL,WNT3,LRP6,0.2063689841,0.003829961700382996,0.026809731902680975
3_2,0,3,MOL,0,2,MOL,FGF1,FGFRL1,0.1962148072,0.0011399886001139988,0.009309906900930991
3_2,0,3,MOL,0,2,MOL,NID1,PTPRF,0.1784382737,0.00044999550004499957,0.009309906900930991
3_2,0,3,MOL,0,2,MOL,TGFA,ERBB3,0.1615163531,0.001019989800101999,0.009309906900930991
3_2,0,3,MOL,0,2,MOL,PSEN1,NCSTN,0.0821465804,0.006909930900690993,0.033858661413385865
3_3,0,3,MOL,0,3,MOL,PTN,CDH10,1.4528673343,0.0003099969000309997,0.0015145303092423622
3_3,0,3,MOL,0,3,MOL,FGF1,FGFR2,1.2018166342,0.00015999840001599985,0.0015145303092423622
3_3,0,3,MOL,0,3,MOL,EFNB3,EPHA4,1.0800545834,0.0011299887001129988,0.0036912964203691294
3_3,0,3,MOL,0,3,MOL,SEMA4D,PLXNB1,0.5538542242,0.0002899971000289997,0.0015145303092423622
3_3,0,3,MOL,0,3,MOL,MLLT4,NRXN2,0.450618535,0.00032999670003299966,0.0015145303092423622
3_3,0,3,MOL,0,3,MOL,APOE,SORL1,0.4320215216,0.0065599344006559935,0.01785759920178576
3_3,0,3,MOL,0,3,MOL,LAMC1,ITGB4,0.4307678195,0.00026999730002699973,0.0015145303092423622
3_3,0,3,MOL,0,3,MOL,FGF1,FGFRL1,0.3987496976,0.00016999830001699983,0.0015145303092423622
3_3,0,3,MOL,0,3,MOL,B2M,TFRC,0.3654901251,0.0003199968000319997,0.0015145303092423622
3_3,0,3,MOL,0,3,MOL,LAMA2,ITGB4,0.3547995849,0.0001799982000179998,0.0015145303092423622
3_3,0,3,MOL,0,3,MOL,WNT3,LRP6,0.3105711295,0.00033999660003399966,0.0015145303092423622
3_3,0,3,MOL,0,3,MOL,NID1,PTPRF,0.3056666839,0.00022999770002299976,0.0015145303092423622
3_3,0,3,MOL,0,3,MOL,WNT3,RYK,0.3046419325,0.0003099969000309997,0.0015145303092423622
3_3,0,3,MOL,0,3,MOL,TGFA,ERBB3,0.2192560429,0.00043999560004399956,0.001796648700179665
3_3,0,3,MOL,0,3,MOL,MLLT4,NRXN3,0.1627840453,0.0033099669003309965,0.010136773632263677
3_3,0,3,MOL,0,3,MOL,EFNA1,EPHA4,0.1488083133,0.000979990200097999,0.0034299657003429964
3_3,0,3,MOL,0,3,MOL,PSEN1,NCSTN,0.1129761412,0.0007099929000709993,0.0026761270848829973
3_3,0,3,MOL,0,3,MOL,SORBS1,INSR,0.1006049271,0.004509954900450995,0.012999281771888162
